week,Eerste Prik,Tweede Prik
1,100,0
2,100,0
3,100,0
4,91.11741306,8.882586943
5,77.84382765,22.15617235
6,58.52503734,41.47496266
7,72.13021626,27.86978374
8,64.96220405,35.03779595
9,71.67929262,28.32070738
10,69.69319153,30.30680847
11,46.55607028,53.44392972
12,69.85764795,30.14235205